,asset,date,daily_interest
0,USDT,2025-01-23,11.316406272
1,USDT,2025-01-23,11.336084735999998
2,USDT,2025-01-23,11.332170768
3,USDT,2025-01-23,11.359777032000002
4,USDT,2025-01-23,11.493966216
5,USDT,2025-01-23,11.520059627999998
6,USDT,2025-01-23,11.54683194
7,USDT,2025-01-23,11.561511072
8,USDT,2025-01-23,11.548552403999999
9,USDT,2025-01-23,11.548959744
10,USDT,2025-01-23,11.556854256
11,USDT,2025-01-23,11.526670800000002
12,USDT,2025-01-23,11.492440224
13,USDT,2025-01-23,11.551022724
14,USDT,2025-01-23,11.513981939999999
15,USDT,2025-01-23,11.602850388
16,USDT,2025-01-22,11.614495056
17,USDT,2025-01-22,11.605254132
18,USDT,2025-01-22,11.63829072
19,USDT,2025-01-22,11.655085392
20,USDT,2025-01-22,11.61789306
21,USDT,2025-01-22,11.648955144000002
22,USDT,2025-01-22,11.691754751999998
23,USDT,2025-01-22,11.674185696
24,USDT,2025-01-22,11.722359564
25,USDT,2025-01-22,11.719713168
26,USDT,2025-01-22,11.675541744
27,USDT,2025-01-22,11.763956424000002
28,USDT,2025-01-22,11.77341372
29,USDT,2025-01-22,11.761842636
30,USDT,2025-01-22,11.814082895999999
31,USDT,2025-01-22,11.788861104
32,USDT,2025-01-22,11.806087644
33,USDT,2025-01-22,11.840899884
34,USDT,2025-01-22,11.8131009
35,USDT,2025-01-22,11.887300728
36,USDT,2025-01-22,11.935025207999999
37,USDT,2025-01-22,11.910265944
38,USDT,2025-01-22,11.804229648
39,USDT,2025-01-22,11.714836476000002
40,USDT,2025-01-21,11.693653920000001
41,USDT,2025-01-21,11.717311175999999
42,USDT,2025-01-21,11.738854644
43,USDT,2025-01-21,11.750819928
44,USDT,2025-01-21,11.648659056
45,USDT,2025-01-21,11.648362967999999
46,USDT,2025-01-21,11.632912956
47,USDT,2025-01-21,11.634536184
48,USDT,2025-01-21,11.628709908000001
49,USDT,2025-01-21,11.605538832
50,USDT,2025-01-21,11.637227256
51,USDT,2025-01-21,11.690975988
52,USDT,2025-01-21,11.710801620000002
53,USDT,2025-01-21,11.734315212
54,USDT,2025-01-21,11.77678194
55,USDT,2025-01-21,11.823485004
56,USDT,2025-01-21,11.921285148
57,USDT,2025-01-21,11.886809292000002
58,USDT,2025-01-21,11.976901512000001
59,USDT,2025-01-21,11.95415004
60,USDT,2025-01-21,12.003745656000001
61,USDT,2025-01-21,11.941973639999999
62,USDT,2025-01-21,32.668738956
63,USDT,2025-01-21,15.258316044
64,USDT,2025-01-20,39.318328812
65,USDT,2025-01-20,30.346671443999995
66,USDT,2025-01-20,12.092840112
67,USDT,2025-01-20,33.374803715999995
68,USDT,2025-01-20,12.065098944
69,USDT,2025-01-20,11.930205456
70,USDT,2025-01-20,11.870979096
71,USDT,2025-01-20,11.762906976
72,USDT,2025-01-20,11.566618151999998
73,USDT,2025-01-20,11.199358656
74,USDT,2025-01-20,11.157840636000001
75,USDT,2025-01-20,11.169480924
76,USDT,2025-01-20,11.155731228000002
77,USDT,2025-01-20,11.130369276
78,USDT,2025-01-20,11.102989896
79,USDT,2025-01-20,11.198291688
80,USDT,2025-01-20,11.182734803999999
81,USDT,2025-01-20,11.280623424000002
82,USDT,2025-01-20,11.580694595999999
83,USDT,2025-01-20,11.55902148
84,USDT,2025-01-20,11.49034746
85,USDT,2025-01-20,11.444518644
86,USDT,2025-01-20,11.382325272
87,USDT,2025-01-20,11.385258996
88,USDT,2025-01-19,11.360808959999998
89,USDT,2025-01-19,11.257546956
90,USDT,2025-01-19,11.188167756
91,USDT,2025-01-19,11.113289904000002
92,USDT,2025-01-19,11.153005992
93,USDT,2025-01-19,11.200027043999999
94,USDT,2025-01-19,11.141733624
95,USDT,2025-01-19,11.23011414
96,USDT,2025-01-19,11.201332284
97,USDT,2025-01-19,11.187897072
98,USDT,2025-01-19,11.161773
99,USDT,2025-01-19,11.216473944
100,USDT,2025-01-19,11.242390404
101,USDT,2025-01-19,11.235351743999999
102,USDT,2025-01-19,11.165902464
103,USDT,2025-01-19,11.155457039999998
104,USDT,2025-01-19,11.085331488
105,USDT,2025-01-19,11.058437412
106,USDT,2025-01-19,11.069020368
107,USDT,2025-01-19,11.104449312
108,USDT,2025-01-19,11.069892864
109,USDT,2025-01-19,11.049533748
110,USDT,2025-01-19,11.053986456
111,USDT,2025-01-19,11.1229443
112,USDT,2025-01-18,11.069821032
113,USDT,2025-01-18,11.114619672
114,USDT,2025-01-18,11.066423903999999
115,USDT,2025-01-18,11.05456374
116,USDT,2025-01-18,11.00702322
117,USDT,2025-01-18,11.031641447999998
118,USDT,2025-01-18,11.067937632000001
119,USDT,2025-01-18,11.059252968000001
120,USDT,2025-01-18,11.095159332
121,USDT,2025-01-18,11.035672799999999
122,USDT,2025-01-18,11.189397660000001
123,USDT,2025-01-18,11.241050124000001
124,USDT,2025-01-18,11.347541064000001
125,USDT,2025-01-18,11.360335044
126,USDT,2025-01-18,11.422503888
127,USDT,2025-01-18,11.40294456
128,USDT,2025-01-18,11.387381544
129,USDT,2025-01-18,11.412192492
130,USDT,2025-01-18,11.448161928000001
131,USDT,2025-01-18,11.39518758
132,USDT,2025-01-18,11.345723364
133,USDT,2025-01-18,11.349003984
134,USDT,2025-01-18,11.431961184
135,USDT,2025-01-18,11.350205855999999
136,USDT,2025-01-17,11.369523408
137,USDT,2025-01-17,11.313704688
138,USDT,2025-01-17,11.337086004
139,USDT,2025-01-17,11.362235964000002
140,USDT,2025-01-17,11.352724356000001
141,USDT,2025-01-17,11.322728364
142,USDT,2025-01-17,11.316626148000001
143,USDT,2025-01-17,11.22494574
144,USDT,2025-01-17,11.2183188
145,USDT,2025-01-17,11.206143276
146,USDT,2025-01-17,11.180968788
147,USDT,2025-01-17,11.180311788
148,USDT,2025-01-17,11.195849399999998
149,USDT,2025-01-17,11.186209896000001
150,USDT,2025-01-17,11.101909788
151,USDT,2025-01-17,11.055105108000001
152,USDT,2025-01-17,11.038652076
153,USDT,2025-01-17,11.092638203999998
154,USDT,2025-01-17,11.112228192000002
155,USDT,2025-01-17,11.15995968
156,USDT,2025-01-17,11.136898979999998
157,USDT,2025-01-17,11.170430508
158,USDT,2025-01-17,11.126279232
159,USDT,2025-01-17,11.06192652
160,USDT,2025-01-16,10.965478919999999
161,USDT,2025-01-16,11.043786312
162,USDT,2025-01-16,11.115661236
163,USDT,2025-01-16,10.8573192
164,USDT,2025-01-16,10.923893448000001
165,USDT,2025-01-16,10.934022636
166,USDT,2025-01-16,10.916143476
167,USDT,2025-01-16,10.961934624
168,USDT,2025-01-16,10.962836028
169,USDT,2025-01-16,10.928951472000001
170,USDT,2025-01-16,10.968325920000002
171,USDT,2025-01-16,10.957249776
172,USDT,2025-01-16,10.957078079999999
173,USDT,2025-01-16,10.987138020000002
174,USDT,2025-01-16,10.938357084
175,USDT,2025-01-16,11.045458596
176,USDT,2025-01-16,10.917586248
177,USDT,2025-01-16,10.868323512
178,USDT,2025-01-16,10.817197524
179,USDT,2025-01-16,10.786558548
180,USDT,2025-01-16,10.783548612
181,USDT,2025-01-16,10.701078468
182,USDT,2025-01-16,10.727751791999998
183,USDT,2025-01-16,10.741254455999998
184,USDT,2025-01-15,10.64836692
185,USDT,2025-01-15,10.604977764000001
186,USDT,2025-01-15,10.414590552
187,USDT,2025-01-15,10.38998196
188,USDT,2025-01-15,10.424427155999998
189,USDT,2025-01-15,10.395498131999998
190,USDT,2025-01-15,10.41573198
191,USDT,2025-01-15,10.411818888000003
192,USDT,2025-01-15,10.370594328000001
193,USDT,2025-01-15,10.365274379999999
194,USDT,2025-01-15,10.361206236000001
195,USDT,2025-01-15,10.394163108
196,USDT,2025-01-15,10.398249648
197,USDT,2025-01-15,10.385442528
198,USDT,2025-01-15,10.315996751999998
199,USDT,2025-01-15,10.30049856
200,USDT,2025-01-15,10.300673759999999
201,USDT,2025-01-15,10.2891894
202,USDT,2025-01-15,10.279625232
203,USDT,2025-01-15,10.283451600000001
204,USDT,2025-01-15,10.345277052
205,USDT,2025-01-15,10.327552068000001
206,USDT,2025-01-15,10.313388024
207,USDT,2025-01-15,10.30865412
208,USDT,2025-01-14,10.291110468000001
209,USDT,2025-01-14,10.262815668
210,USDT,2025-01-14,10.213836756
211,USDT,2025-01-14,10.201041024
212,USDT,2025-01-14,10.203438636000001
213,USDT,2025-01-14,10.237479120000001
214,USDT,2025-01-14,10.141534344
215,USDT,2025-01-14,10.110070176
216,USDT,2025-01-14,10.110290927999998
217,USDT,2025-01-14,10.08073206
218,USDT,2025-01-14,10.065240876
219,USDT,2025-01-14,10.049583252
220,USDT,2025-01-14,10.029134784
221,USDT,2025-01-14,9.975589284
222,USDT,2025-01-14,9.943002084000002
223,USDT,2025-01-14,9.908421108
224,USDT,2025-01-14,9.885976236000001
225,USDT,2025-01-14,9.864508104
226,USDT,2025-01-14,9.855466908
227,USDT,2025-01-14,9.849077364
228,USDT,2025-01-14,9.850368588
229,USDT,2025-01-14,9.863579544
230,USDT,2025-01-14,9.911169996
231,USDT,2025-01-14,9.943628424
232,USDT,2025-01-13,9.965542440000002
233,USDT,2025-01-13,10.10437092
234,USDT,2025-01-13,10.165012895999999
235,USDT,2025-01-13,10.18429278
236,USDT,2025-01-13,10.270190712
237,USDT,2025-01-13,10.290623411999999
238,USDT,2025-01-13,10.29432276
239,USDT,2025-01-13,10.332870264000002
240,USDT,2025-01-13,10.374061536000001
241,USDT,2025-01-13,10.395543684
242,USDT,2025-01-13,10.421930556
243,USDT,2025-01-13,10.413031272000001
244,USDT,2025-01-13,10.427840051999999
245,USDT,2025-01-13,10.440247716
246,USDT,2025-01-13,10.452744732
247,USDT,2025-01-13,10.409762039999999
248,USDT,2025-01-13,10.409894315999999
249,USDT,2025-01-13,10.418615772
250,USDT,2025-01-13,10.436149788
251,USDT,2025-01-13,10.437182592
252,USDT,2025-01-13,10.433680344
253,USDT,2025-01-13,10.432525776000002
254,USDT,2025-01-13,10.417942128
255,USDT,2025-01-13,10.410719508000001
256,USDT,2025-01-12,10.383602928
257,USDT,2025-01-12,10.378438032
258,USDT,2025-01-12,10.365500388
259,USDT,2025-01-12,10.365247223999999
260,USDT,2025-01-12,10.358322443999999
261,USDT,2025-01-12,10.370463804
262,USDT,2025-01-12,10.376020272
263,USDT,2025-01-12,10.391127768
264,USDT,2025-01-12,10.367829672000001
265,USDT,2025-01-12,10.380246971999998
266,USDT,2025-01-12,10.383596795999999
267,USDT,2025-01-12,10.373563968000001
268,USDT,2025-01-12,10.373170644000002
269,USDT,2025-01-12,10.372153608
270,USDT,2025-01-12,10.35658008
271,USDT,2025-01-12,10.351646447999999
272,USDT,2025-01-12,10.336581
273,USDT,2025-01-12,10.344761964
274,USDT,2025-01-12,10.295689320000001
275,USDT,2025-01-12,10.229732652
276,USDT,2025-01-12,10.20965736
277,USDT,2025-01-12,10.209200963999999
278,USDT,2025-01-12,10.198151976
279,USDT,2025-01-12,10.1737326
280,USDT,2025-01-11,10.176597996
281,USDT,2025-01-11,10.170078804
282,USDT,2025-01-11,10.17580872
283,USDT,2025-01-11,10.188161196000001
284,USDT,2025-01-11,10.159785804000002
285,USDT,2025-01-11,10.165608576
286,USDT,2025-01-11,10.155495156
287,USDT,2025-01-11,10.156406196
288,USDT,2025-01-11,10.150088484
289,USDT,2025-01-11,10.156770611999999
290,USDT,2025-01-11,10.154692739999998
291,USDT,2025-01-11,10.153682712
292,USDT,2025-01-11,10.158901043999998
293,USDT,2025-01-11,10.163662979999998
294,USDT,2025-01-11,10.171571508000001
295,USDT,2025-01-11,10.165116264
296,USDT,2025-01-11,10.168401264
297,USDT,2025-01-11,10.168469592
298,USDT,2025-01-11,10.179456384
299,USDT,2025-01-11,10.186937424
300,USDT,2025-01-11,10.158124032
301,USDT,2025-01-11,10.150384572
302,USDT,2025-01-11,10.0917828
303,USDT,2025-01-11,10.098297612
304,USDT,2025-01-10,10.086936768
305,USDT,2025-01-10,10.096309968
306,USDT,2025-01-10,10.092002676
307,USDT,2025-01-10,10.080668988000001
308,USDT,2025-01-10,10.078373868
309,USDT,2025-01-10,10.084583832
310,USDT,2025-01-10,10.089393948000001
311,USDT,2025-01-10,10.097872752
312,USDT,2025-01-10,10.091358816
313,USDT,2025-01-10,10.080131124000001
314,USDT,2025-01-10,10.072048272
315,USDT,2025-01-10,10.088210472
316,USDT,2025-01-10,10.092558936
317,USDT,2025-01-10,10.099536276000002
318,USDT,2025-01-10,10.104797532
319,USDT,2025-01-10,10.103256647999999
320,USDT,2025-01-10,10.102582128
321,USDT,2025-01-10,10.111079328
322,USDT,2025-01-10,10.125514931999998
323,USDT,2025-01-10,10.188180468
324,USDT,2025-01-10,10.225343016
325,USDT,2025-01-10,10.22295942
326,USDT,2025-01-10,10.253922516
327,USDT,2025-01-10,10.269131628
328,USDT,2025-01-09,10.280300627999999
329,USDT,2025-01-09,10.319266859999999
330,USDT,2025-01-09,10.396085928
331,USDT,2025-01-09,10.409580708
332,USDT,2025-01-09,10.38332874
333,USDT,2025-01-09,10.396198056
334,USDT,2025-01-09,10.388410416
335,USDT,2025-01-09,10.395405275999998
336,USDT,2025-01-09,10.411507907999999
337,USDT,2025-01-09,9.449485584
338,USDT,2025-01-09,9.445653084000002
339,USDT,2025-01-09,9.438783492
340,USDT,2025-01-09,9.439592915999999
341,USDT,2025-01-09,9.44894334
342,USDT,2025-01-09,9.447882504
343,USDT,2025-01-09,9.449226288000002
344,USDT,2025-01-09,9.46046274
345,USDT,2025-01-09,9.435787572
346,USDT,2025-01-09,9.432607692
347,USDT,2025-01-09,9.393844692
348,USDT,2025-01-09,9.412454435999997
349,USDT,2025-01-09,9.423865212
350,USDT,2025-01-09,9.49245864
351,USDT,2025-01-09,9.507539856
352,USDT,2025-01-08,9.491080692
353,USDT,2025-01-08,9.449233296000001
354,USDT,2025-01-08,9.447203604000002
355,USDT,2025-01-08,9.456495335999998
356,USDT,2025-01-08,9.467329703999999
357,USDT,2025-01-08,9.520003584
358,USDT,2025-01-08,9.543328836
359,USDT,2025-01-08,9.548454311999999
360,USDT,2025-01-08,9.548965895999999
361,USDT,2025-01-08,9.597205464000002
362,USDT,2025-01-08,9.640040987999999
363,USDT,2025-01-08,9.702019739999999
364,USDT,2025-01-08,9.788773524
365,USDT,2025-01-08,9.808635948
366,USDT,2025-01-08,9.858467207999999
367,USDT,2025-01-08,9.832510452000001
368,USDT,2025-01-08,9.861034764
369,USDT,2025-01-08,9.850900320000001
370,USDT,2025-01-08,9.87440778
371,USDT,2025-01-08,9.919496376
372,USDT,2025-01-08,9.9602295
373,USDT,2025-01-08,9.990297324000002
374,USDT,2025-01-08,10.021108872000001
375,USDT,2025-01-08,10.056136608
376,USDT,2025-01-07,10.225980744
377,USDT,2025-01-07,10.271613336
378,USDT,2025-01-07,10.255891764000001
379,USDT,2025-01-07,10.23865734
380,USDT,2025-01-07,10.327587108
381,USDT,2025-01-07,10.366513044
382,USDT,2025-01-07,10.39156752
383,USDT,2025-01-07,10.354210499999999
384,USDT,2025-01-07,10.361996388000001
385,USDT,2025-01-07,10.316351531999999
386,USDT,2025-01-07,10.332225528
387,USDT,2025-01-07,10.346239776
388,USDT,2025-01-07,10.339134540000002
389,USDT,2025-01-07,10.401906948
390,USDT,2025-01-07,10.345271796
391,USDT,2025-01-07,10.389455484
392,USDT,2025-01-07,10.386767915999998
393,USDT,2025-01-07,10.363602096
394,USDT,2025-01-07,10.412079059999998
395,USDT,2025-01-07,10.440840768
396,USDT,2025-01-07,10.422874883999999
397,USDT,2025-01-07,10.455972792
398,USDT,2025-01-07,10.527690912
399,USDT,2025-01-07,10.489956336
400,USDT,2025-01-06,10.404091692
401,USDT,2025-01-06,10.309339152000002
402,USDT,2025-01-06,10.291299684
403,USDT,2025-01-06,10.284956567999998
404,USDT,2025-01-06,10.218578544
405,USDT,2025-01-06,10.242891924
406,USDT,2025-01-06,10.234042571999998
407,USDT,2025-01-06,10.237614023999999
408,USDT,2025-01-06,10.274233452
409,USDT,2025-01-06,10.291804260000001
410,USDT,2025-01-06,10.29262332
411,USDT,2025-01-06,10.274636412000001
412,USDT,2025-01-06,10.271729844000001
413,USDT,2025-01-06,10.231804392
414,USDT,2025-01-06,10.187615448
415,USDT,2025-01-06,10.222374252
416,USDT,2025-01-06,10.224739452000001
417,USDT,2025-01-06,10.188801552
418,USDT,2025-01-06,10.167479712
419,USDT,2025-01-06,10.152055104
420,USDT,2025-01-06,10.156463136000001
421,USDT,2025-01-06,10.123342452
422,USDT,2025-01-06,10.144943736
423,USDT,2025-01-06,10.163234616
424,USDT,2025-01-05,10.157110500000002
425,USDT,2025-01-05,10.135221011999999
426,USDT,2025-01-05,10.143067344
427,USDT,2025-01-05,10.140180924000001
428,USDT,2025-01-05,10.128078984
429,USDT,2025-01-05,10.114258332
430,USDT,2025-01-05,10.15866102
431,USDT,2025-01-05,10.188739356000001
432,USDT,2025-01-05,10.178878224000002
433,USDT,2025-01-05,10.150406472
434,USDT,2025-01-05,10.190184755999999
435,USDT,2025-01-05,10.163252136
436,USDT,2025-01-05,10.164456635999999
437,USDT,2025-01-05,10.138409652
438,USDT,2025-01-05,10.172898647999999
439,USDT,2025-01-05,10.18254954
440,USDT,2025-01-05,10.196221271999999
441,USDT,2025-01-05,10.169997336
442,USDT,2025-01-05,10.1626074
443,USDT,2025-01-05,10.113890411999998
444,USDT,2025-01-05,10.111337748
445,USDT,2025-01-05,10.116965172
446,USDT,2025-01-05,10.111424472000001
447,USDT,2025-01-05,10.092502872
448,USDT,2025-01-04,10.198756415999998
449,USDT,2025-01-04,10.186004484000001
450,USDT,2025-01-04,10.153973544
451,USDT,2025-01-04,10.091852880000001
452,USDT,2025-01-04,10.0575969
453,USDT,2025-01-04,10.072690380000001
454,USDT,2025-01-04,10.03467636
455,USDT,2025-01-04,10.087421196000001
456,USDT,2025-01-04,10.078690104
457,USDT,2025-01-04,10.065367019999998
458,USDT,2025-01-04,10.062407016
459,USDT,2025-01-04,10.102183548000001
460,USDT,2025-01-04,10.094911871999999
461,USDT,2025-01-04,10.05981756
462,USDT,2025-01-04,10.039355076
463,USDT,2025-01-04,10.057831667999999
464,USDT,2025-01-04,10.044329004
465,USDT,2025-01-04,10.027640328
466,USDT,2025-01-04,10.020599916
467,USDT,2025-01-04,10.042145136
468,USDT,2025-01-04,10.001510124000001
469,USDT,2025-01-04,9.965866559999998
470,USDT,2025-01-04,9.977271204
471,USDT,2025-01-04,9.925503108000001
472,USDT,2025-01-03,9.868951176
473,USDT,2025-01-03,9.780690672
474,USDT,2025-01-03,9.7545447
475,USDT,2025-01-03,9.745405392000002
476,USDT,2025-01-03,9.685295148
477,USDT,2025-01-03,9.701476620000001
478,USDT,2025-01-03,9.667272323999999
479,USDT,2025-01-03,9.666171192
480,USDT,2025-01-03,9.687914388000001
481,USDT,2025-01-03,9.67952406
482,USDT,2025-01-03,9.694462488
483,USDT,2025-01-03,9.736576187999999
484,USDT,2025-01-03,9.714876792
485,USDT,2025-01-03,9.698308127999999
486,USDT,2025-01-03,9.685944264
487,USDT,2025-01-03,9.692668439999998
488,USDT,2025-01-03,9.656621915999999
489,USDT,2025-01-03,9.657379656000002
490,USDT,2025-01-03,9.643303212
491,USDT,2025-01-03,9.645338160000001
492,USDT,2025-01-03,9.642126744
493,USDT,2025-01-03,9.644891399999999
494,USDT,2025-01-03,9.668641511999999
495,USDT,2025-01-03,9.622445652000001
496,USDT,2025-01-02,9.624522648
497,USDT,2025-01-02,9.556934867999999
498,USDT,2025-01-02,9.54941616
499,USDT,2025-01-02,9.515592924
500,USDT,2025-01-02,9.489455712
501,USDT,2025-01-02,9.486990648
502,USDT,2025-01-02,9.434806452
503,USDT,2025-01-02,9.384248112
504,USDT,2025-01-02,9.336180240000001
505,USDT,2025-01-02,9.323128716
506,USDT,2025-01-02,9.325117235999999
507,USDT,2025-01-02,9.266030160000001
508,USDT,2025-01-02,9.246345564
509,USDT,2025-01-02,9.204853824
510,USDT,2025-01-02,9.182302956000001
511,USDT,2025-01-02,9.109283975999999
512,USDT,2025-01-02,9.0879306
513,USDT,2025-01-02,9.061245888
514,USDT,2025-01-02,9.04986402
515,USDT,2025-01-02,9.02728074
516,USDT,2025-01-02,9.005315915999999
517,USDT,2025-01-02,8.956844208
518,USDT,2025-01-02,8.932710407999998
519,USDT,2025-01-02,8.923274136
520,USDT,2025-01-01,8.900774076
521,USDT,2025-01-01,8.88593376
522,USDT,2025-01-01,8.888052804
523,USDT,2025-01-01,8.8667844
524,USDT,2025-01-01,8.857051164
525,USDT,2025-01-01,8.878261752
526,USDT,2025-01-01,8.889970368000002
527,USDT,2025-01-01,8.903466024
528,USDT,2025-01-01,8.9072337
529,USDT,2025-01-01,8.901170903999999
530,USDT,2025-01-01,8.890950612
531,USDT,2025-01-01,8.897263067999999
532,USDT,2025-01-01,8.898301128
533,USDT,2025-01-01,8.895602172
534,USDT,2025-01-01,8.917623059999999
535,USDT,2025-01-01,8.894100708
536,USDT,2025-01-01,8.877437436
537,USDT,2025-01-01,8.879314704
538,USDT,2025-01-01,8.865296952
539,USDT,2025-01-01,8.857504932
540,USDT,2025-01-01,8.853478835999999
541,USDT,2025-01-01,8.837542644000001
542,USDT,2025-01-01,8.867395848000001
543,USDT,2025-01-01,8.835232631999999
544,USDT,2024-12-31,8.761379699999999
545,USDT,2024-12-31,8.70461928
546,USDT,2024-12-31,8.592306443999998
547,USDT,2024-12-31,8.514087528
548,USDT,2024-12-31,8.481061451999999
549,USDT,2024-12-31,8.500965924
550,USDT,2024-12-31,8.499195528
551,USDT,2024-12-31,8.478145247999999
552,USDT,2024-12-31,8.481275196
553,USDT,2024-12-31,8.472040404
554,USDT,2024-12-31,8.461072007999999
555,USDT,2024-12-31,8.469464087999999
556,USDT,2024-12-31,8.48110788
557,USDT,2024-12-31,8.48596092
558,USDT,2024-12-31,8.482184484
559,USDT,2024-12-31,8.517478524
560,USDT,2024-12-31,8.52955506
561,USDT,2024-12-31,8.536464947999999
562,USDT,2024-12-31,8.571536484000001
563,USDT,2024-12-31,8.560146732
564,USDT,2024-12-31,8.524739688
565,USDT,2024-12-31,8.502569880000001
566,USDT,2024-12-31,8.487850452
567,USDT,2024-12-31,8.52745704
568,USDT,2024-12-30,8.568954036000001
569,USDT,2024-12-30,8.63101776
570,USDT,2024-12-30,8.704066524
571,USDT,2024-12-30,8.69791788
572,USDT,2024-12-30,8.702480964000001
573,USDT,2024-12-30,8.726789088
574,USDT,2024-12-30,8.74334286
575,USDT,2024-12-30,8.74040826
576,USDT,2024-12-30,8.740565064
577,USDT,2024-12-30,8.72354964
578,USDT,2024-12-30,8.735853936
579,USDT,2024-12-30,8.75766108
580,USDT,2024-12-30,8.766552480000001
581,USDT,2024-12-30,8.775288827999999
582,USDT,2024-12-30,8.755976532
583,USDT,2024-12-30,8.744817167999999
584,USDT,2024-12-30,8.745332256
585,USDT,2024-12-30,8.780262755999999
586,USDT,2024-12-30,8.809713875999998
587,USDT,2024-12-30,8.825632548000002
588,USDT,2024-12-30,8.843717567999999
589,USDT,2024-12-30,8.854741151999999
590,USDT,2024-12-30,8.88063834
591,USDT,2024-12-30,8.928782424
592,USDT,2024-12-29,8.940579516000001
593,USDT,2024-12-29,8.946928764
594,USDT,2024-12-29,8.927414112
595,USDT,2024-12-29,8.927016408
596,USDT,2024-12-29,8.949911544
597,USDT,2024-12-29,8.952850523999999
598,USDT,2024-12-29,8.958270336000002
599,USDT,2024-12-29,8.959616747999998
600,USDT,2024-12-29,8.95020588
601,USDT,2024-12-29,8.932173419999998
602,USDT,2024-12-29,8.933462015999998
603,USDT,2024-12-29,8.938593624
604,USDT,2024-12-29,8.934465912
605,USDT,2024-12-29,8.920737239999998
606,USDT,2024-12-29,8.933704667999999
607,USDT,2024-12-29,8.939759579999999
608,USDT,2024-12-29,8.944238568
609,USDT,2024-12-29,8.927502588000001
610,USDT,2024-12-29,8.908007208
611,USDT,2024-12-29,8.902396428
612,USDT,2024-12-29,8.901584376
613,USDT,2024-12-29,8.912343407999998
614,USDT,2024-12-29,8.895528588
615,USDT,2024-12-29,8.892404771999999
616,USDT,2024-12-28,8.896540367999998
617,USDT,2024-12-28,8.886660840000001
618,USDT,2024-12-28,8.869786452
619,USDT,2024-12-28,8.864799384
620,USDT,2024-12-28,8.853752148
621,USDT,2024-12-28,8.889185472000001
622,USDT,2024-12-28,8.886473376000001
623,USDT,2024-12-28,8.859604704
624,USDT,2024-12-28,8.86398558
625,USDT,2024-12-28,8.863650948
626,USDT,2024-12-28,8.866466412
627,USDT,2024-12-28,8.876397623999999
628,USDT,2024-12-28,8.867202252
629,USDT,2024-12-28,8.867886408
630,USDT,2024-12-28,8.881176204
631,USDT,2024-12-28,8.89408494
632,USDT,2024-12-28,8.889211752
633,USDT,2024-12-28,8.920908059999999
634,USDT,2024-12-28,8.953515408
635,USDT,2024-12-28,8.95895274
636,USDT,2024-12-28,8.990891699999999
637,USDT,2024-12-28,9.017883012
638,USDT,2024-12-28,9.009056435999998
639,USDT,2024-12-28,9.049967387999999
640,USDT,2024-12-27,9.078624852
641,USDT,2024-12-27,9.098009856000001
642,USDT,2024-12-27,9.112837908
643,USDT,2024-12-27,9.127844663999998
644,USDT,2024-12-27,9.121197576
645,USDT,2024-12-27,9.172199172000001
646,USDT,2024-12-27,9.127467983999999
647,USDT,2024-12-27,9.080764044
648,USDT,2024-12-27,9.108974748
649,USDT,2024-12-27,9.077894268
650,USDT,2024-12-27,9.074932512
651,USDT,2024-12-27,9.04747254
652,USDT,2024-12-27,9.071036939999999
653,USDT,2024-12-27,9.067972692000001
654,USDT,2024-12-27,9.054258911999998
655,USDT,2024-12-27,9.054704796
656,USDT,2024-12-27,9.064924212
657,USDT,2024-12-27,9.065222928
658,USDT,2024-12-27,9.080706228000002
659,USDT,2024-12-27,9.099085584000001
660,USDT,2024-12-27,9.113895239999998
661,USDT,2024-12-27,9.127253363999998
662,USDT,2024-12-27,9.178312776
663,USDT,2024-12-27,9.192666912000002
664,USDT,2024-12-26,9.20601102
665,USDT,2024-12-26,9.215138940000001
666,USDT,2024-12-26,9.222894168
667,USDT,2024-12-26,9.21721944
668,USDT,2024-12-26,9.225347844
669,USDT,2024-12-26,9.240777708
670,USDT,2024-12-26,9.272434596
671,USDT,2024-12-26,9.363832932000001
672,USDT,2024-12-26,9.37989702
673,USDT,2024-12-26,9.392832035999998
674,USDT,2024-12-26,9.392903868000001
675,USDT,2024-12-26,9.422274396
676,USDT,2024-12-26,9.430686624000002
677,USDT,2024-12-26,9.452766204
678,USDT,2024-12-26,9.461337863999999
679,USDT,2024-12-26,9.482408291999999
680,USDT,2024-12-26,9.452746056
681,USDT,2024-12-26,9.463972872
682,USDT,2024-12-26,9.432315984
683,USDT,2024-12-26,9.427228176
684,USDT,2024-12-26,9.3874788
685,USDT,2024-12-26,9.368594867999999
686,USDT,2024-12-26,9.343754136
687,USDT,2024-12-26,9.3452556
688,USDT,2024-12-25,9.373483824
689,USDT,2024-12-25,9.358572552000002
690,USDT,2024-12-25,9.346862184
691,USDT,2024-12-25,9.312433632
692,USDT,2024-12-25,9.329171364
693,USDT,2024-12-25,9.308810496
694,USDT,2024-12-25,9.289466663999999
695,USDT,2024-12-25,9.271650575999999
696,USDT,2024-12-25,9.252324264
697,USDT,2024-12-25,9.242074187999998
698,USDT,2024-12-25,9.221414603999998
699,USDT,2024-12-25,9.204877476
700,USDT,2024-12-25,9.198708684
701,USDT,2024-12-25,9.185135063999999
702,USDT,2024-12-25,9.169015788
703,USDT,2024-12-25,9.162308256000001
704,USDT,2024-12-25,9.124498344
705,USDT,2024-12-25,9.098602032
706,USDT,2024-12-25,8.992084812000002
707,USDT,2024-12-25,8.96277648
708,USDT,2024-12-25,9.000265776
709,USDT,2024-12-25,9.030497412
710,USDT,2024-12-25,9.04003968
711,USDT,2024-12-25,9.065932488
712,USDT,2024-12-24,9.020384868
713,USDT,2024-12-24,8.98529406
714,USDT,2024-12-24,8.876217168
715,USDT,2024-12-24,8.876733132
716,USDT,2024-12-24,8.825521296
717,USDT,2024-12-24,8.865501059999998
718,USDT,2024-12-24,8.87040666
719,USDT,2024-12-24,8.854294392
0,USDC,2025-01-23,7.757472311999999
1,USDC,2025-01-23,7.70302716
2,USDC,2025-01-23,7.743869784
3,USDC,2025-01-23,7.7363099040000005
4,USDC,2025-01-23,7.717417211999999
5,USDC,2025-01-23,7.716669983999999
6,USDC,2025-01-23,7.727097887999999
7,USDC,2025-01-23,7.715096688000001
8,USDC,2025-01-23,7.716052404
9,USDC,2025-01-23,7.724182560000001
10,USDC,2025-01-23,7.718968608
11,USDC,2025-01-23,7.740160799999998
12,USDC,2025-01-23,7.731439344
13,USDC,2025-01-23,7.65826356
14,USDC,2025-01-23,7.6837463999999995
15,USDC,2025-01-23,7.6882113720000005
16,USDC,2025-01-22,7.669019963999999
17,USDC,2025-01-22,7.61614548
18,USDC,2025-01-22,7.6008627839999985
19,USDC,2025-01-22,7.586926499999999
20,USDC,2025-01-22,7.510278252000001
21,USDC,2025-01-22,7.504973195999999
22,USDC,2025-01-22,7.506219744000001
23,USDC,2025-01-22,7.490838935999999
24,USDC,2025-01-22,7.538772780000001
25,USDC,2025-01-22,7.547314656000001
26,USDC,2025-01-22,7.545873636
27,USDC,2025-01-22,7.569013176
28,USDC,2025-01-22,7.584821472
29,USDC,2025-01-22,7.592518007999999
30,USDC,2025-01-22,7.633084692
31,USDC,2025-01-22,7.637549664
32,USDC,2025-01-22,7.624166136
33,USDC,2025-01-22,7.635204612
34,USDC,2025-01-22,7.5883491240000005
35,USDC,2025-01-22,7.658711196
36,USDC,2025-01-22,7.725618324
37,USDC,2025-01-22,13.154333988
38,USDC,2025-01-22,16.439945436
39,USDC,2025-01-22,17.115267852
40,USDC,2025-01-21,9.515960844
41,USDC,2025-01-21,9.701637804000002
42,USDC,2025-01-21,7.760294784000001
43,USDC,2025-01-21,7.71954852
44,USDC,2025-01-21,7.724040648
45,USDC,2025-01-21,7.754356379999999
46,USDC,2025-01-21,7.74917046
47,USDC,2025-01-21,7.761604404
48,USDC,2025-01-21,7.761484392
49,USDC,2025-01-21,7.765816212
50,USDC,2025-01-21,7.74524598
51,USDC,2025-01-21,7.760184408
52,USDC,2025-01-21,7.751383236000001
53,USDC,2025-01-21,7.764623976000001
54,USDC,2025-01-21,9.456737111999999
55,USDC,2025-01-21,7.742944727999999
56,USDC,2025-01-21,7.708649328
57,USDC,2025-01-21,7.732358267999999
58,USDC,2025-01-21,7.750176984000001
59,USDC,2025-01-21,11.117980884000001
60,USDC,2025-01-21,7.745248607999999
61,USDC,2025-01-21,14.786336003999997
62,USDC,2025-01-21,17.584890576
63,USDC,2025-01-21,7.760397276
64,USDC,2025-01-20,12.565815287999998
65,USDC,2025-01-20,18.773616444
66,USDC,2025-01-20,21.624907968000002
67,USDC,2025-01-20,25.818443484000003
68,USDC,2025-01-20,24.96127836
69,USDC,2025-01-20,25.597462848000003
70,USDC,2025-01-20,19.2107895
71,USDC,2025-01-20,14.17570356
72,USDC,2025-01-20,20.734231464
73,USDC,2025-01-20,11.654289983999998
74,USDC,2025-01-20,8.334142236
75,USDC,2025-01-20,9.996318948
76,USDC,2025-01-20,18.322419504
77,USDC,2025-01-20,26.541202175999995
78,USDC,2025-01-20,33.673038792
79,USDC,2025-01-20,32.180392608000005
80,USDC,2025-01-20,19.454268444
81,USDC,2025-01-20,8.3277159
82,USDC,2025-01-20,8.721041652
83,USDC,2025-01-20,7.7497678919999995
84,USDC,2025-01-20,7.731474383999999
85,USDC,2025-01-20,7.7132842440000005
86,USDC,2025-01-20,7.75649382
87,USDC,2025-01-20,7.75842102
88,USDC,2025-01-19,7.746634439999999
89,USDC,2025-01-19,8.496723456000002
90,USDC,2025-01-19,23.14313598
91,USDC,2025-01-19,27.511783019999996
92,USDC,2025-01-19,35.131196856
93,USDC,2025-01-19,34.907977164
94,USDC,2025-01-19,56.73645264
95,USDC,2025-01-19,52.302047784
96,USDC,2025-01-19,33.120765467999995
97,USDC,2025-01-19,31.00164
98,USDC,2025-01-19,16.54756554
99,USDC,2025-01-19,7.84736568
100,USDC,2025-01-19,7.7607687
101,USDC,2025-01-19,7.755496056
102,USDC,2025-01-19,7.750175231999999
103,USDC,2025-01-19,7.748693916000001
104,USDC,2025-01-19,7.722442824000001
105,USDC,2025-01-19,7.730403036
106,USDC,2025-01-19,7.724371776
107,USDC,2025-01-19,7.741289088
108,USDC,2025-01-19,15.61066602
109,USDC,2025-01-19,16.059748296000002
110,USDC,2025-01-19,18.794088564
111,USDC,2025-01-19,19.660158228
112,USDC,2025-01-18,14.607337667999998
113,USDC,2025-01-18,8.7949086
114,USDC,2025-01-18,12.408152807999999
115,USDC,2025-01-18,17.629731263999997
116,USDC,2025-01-18,20.242118316000003
117,USDC,2025-01-18,14.84485368
118,USDC,2025-01-18,15.067199123999997
119,USDC,2025-01-18,13.839132971999998
120,USDC,2025-01-18,7.704512855999999
121,USDC,2025-01-18,7.665566772000002
122,USDC,2025-01-18,7.6553841479999996
123,USDC,2025-01-18,7.590836964
124,USDC,2025-01-18,7.519897608000001
125,USDC,2025-01-18,7.513647347999999
126,USDC,2025-01-18,7.491755232
127,USDC,2025-01-18,7.50665424
128,USDC,2025-01-18,7.517464956
129,USDC,2025-01-18,7.5893162279999995
130,USDC,2025-01-18,7.638551807999999
131,USDC,2025-01-18,7.647358235999999
132,USDC,2025-01-18,7.663459992000001
133,USDC,2025-01-18,7.729747787999999
134,USDC,2025-01-18,7.837133124000001
135,USDC,2025-01-18,7.763765496000001
136,USDC,2025-01-17,7.7462928
137,USDC,2025-01-17,7.683813851999998
138,USDC,2025-01-17,7.722658319999999
139,USDC,2025-01-17,7.733900904
140,USDC,2025-01-17,7.72724856
141,USDC,2025-01-17,7.675693332
142,USDC,2025-01-17,7.649903892
143,USDC,2025-01-17,7.617434076
144,USDC,2025-01-17,7.561278972
145,USDC,2025-01-17,7.550350872
146,USDC,2025-01-17,7.5279936
147,USDC,2025-01-17,7.5268767
148,USDC,2025-01-17,7.540383744
149,USDC,2025-01-17,7.559030280000001
150,USDC,2025-01-17,7.575930072
151,USDC,2025-01-17,7.570643412
152,USDC,2025-01-17,7.574253408
153,USDC,2025-01-17,7.5983661840000005
154,USDC,2025-01-17,7.460592408
155,USDC,2025-01-17,7.581602172
156,USDC,2025-01-17,7.545063336
157,USDC,2025-01-17,7.54288998
158,USDC,2025-01-17,7.542900492
159,USDC,2025-01-17,7.528122372000001
160,USDC,2025-01-16,7.515781283999999
161,USDC,2025-01-16,7.442788584
162,USDC,2025-01-16,7.456639896
163,USDC,2025-01-16,7.043956296000001
164,USDC,2025-01-16,7.394343156000001
165,USDC,2025-01-16,7.343434415999998
166,USDC,2025-01-16,7.392210971999999
167,USDC,2025-01-16,7.385358023999999
168,USDC,2025-01-16,7.374293268
169,USDC,2025-01-16,7.36979238
170,USDC,2025-01-16,7.364519736
171,USDC,2025-01-16,7.359253224000001
172,USDC,2025-01-16,7.330682484
173,USDC,2025-01-16,7.327836359999999
174,USDC,2025-01-16,7.405814376
175,USDC,2025-01-16,7.3955748119999996
176,USDC,2025-01-16,7.33542252
177,USDC,2025-01-16,7.324975344000001
178,USDC,2025-01-16,7.3843462440000005
179,USDC,2025-01-16,7.381239948
180,USDC,2025-01-16,7.439180340000001
181,USDC,2025-01-16,7.466925011999999
182,USDC,2025-01-16,7.483752971999999
183,USDC,2025-01-16,7.427800224
184,USDC,2025-01-15,7.462003643999999
185,USDC,2025-01-15,7.4833684080000005
186,USDC,2025-01-15,7.477997652
187,USDC,2025-01-15,7.4493507
188,USDC,2025-01-15,7.431150048
189,USDC,2025-01-15,7.401532488
190,USDC,2025-01-15,7.390326696000001
191,USDC,2025-01-15,7.363097988
192,USDC,2025-01-15,7.351877304000001
193,USDC,2025-01-15,7.381901328
194,USDC,2025-01-15,7.385511323999999
195,USDC,2025-01-15,7.4151201239999995
196,USDC,2025-01-15,7.4069479199999995
197,USDC,2025-01-15,7.398440207999999
198,USDC,2025-01-15,7.373087892000001
199,USDC,2025-01-15,7.370552748000001
200,USDC,2025-01-15,7.372618356
201,USDC,2025-01-15,7.3858328160000015
202,USDC,2025-01-15,7.39080762
203,USDC,2025-01-15,7.398042503999999
204,USDC,2025-01-15,7.449613500000001
205,USDC,2025-01-15,7.424742984000001
206,USDC,2025-01-15,7.451064156000001
207,USDC,2025-01-15,7.371083603999999
208,USDC,2025-01-14,7.401903035999998
209,USDC,2025-01-14,7.432558656
210,USDC,2025-01-14,7.43107296
211,USDC,2025-01-14,7.413695748
212,USDC,2025-01-14,7.4042428319999996
213,USDC,2025-01-14,7.416434124
214,USDC,2025-01-14,7.419946008
215,USDC,2025-01-14,7.48386072
216,USDC,2025-01-14,7.433645772
217,USDC,2025-01-14,7.422776364
218,USDC,2025-01-14,7.419171624
219,USDC,2025-01-14,7.415683392
220,USDC,2025-01-14,7.419526404
221,USDC,2025-01-14,7.413337463999999
222,USDC,2025-01-14,7.415522208
223,USDC,2025-01-14,7.409949972000001
224,USDC,2025-01-14,7.3852642920000005
225,USDC,2025-01-14,7.430248644
226,USDC,2025-01-14,7.418234304000001
227,USDC,2025-01-14,7.4685263399999995
228,USDC,2025-01-14,7.451158763999999
229,USDC,2025-01-14,7.461529728
230,USDC,2025-01-14,7.456639896
231,USDC,2025-01-14,7.513812036000001
232,USDC,2025-01-13,7.5222277680000005
233,USDC,2025-01-13,7.507833336
234,USDC,2025-01-13,7.526412419999999
235,USDC,2025-01-13,7.4841717
236,USDC,2025-01-13,7.543057296
237,USDC,2025-01-13,7.486167228
238,USDC,2025-01-13,7.468752348000001
239,USDC,2025-01-13,7.445217732000001
240,USDC,2025-01-13,7.4417128560000005
241,USDC,2025-01-13,7.430817168000001
242,USDC,2025-01-13,7.423395696
243,USDC,2025-01-13,7.422546851999999
244,USDC,2025-01-13,7.4201010599999995
245,USDC,2025-01-13,7.418026692
246,USDC,2025-01-13,7.416458651999999
247,USDC,2025-01-13,7.420943772000001
248,USDC,2025-01-13,7.423392192000001
249,USDC,2025-01-13,7.412075148
250,USDC,2025-01-13,7.3984927680000006
251,USDC,2025-01-13,7.400095848
252,USDC,2025-01-13,7.40130648
253,USDC,2025-01-13,7.40200728
254,USDC,2025-01-13,7.4018574840000015
255,USDC,2025-01-13,7.421844300000001
256,USDC,2025-01-12,7.420150992000001
257,USDC,2025-01-12,7.4255927040000005
258,USDC,2025-01-12,7.430675256
259,USDC,2025-01-12,7.4258038200000005
260,USDC,2025-01-12,7.410743628
261,USDC,2025-01-12,7.424884896
262,USDC,2025-01-12,7.430111988
263,USDC,2025-01-12,7.413419808
264,USDC,2025-01-12,7.4180004120000005
265,USDC,2025-01-12,7.422277044
266,USDC,2025-01-12,7.4014597800000015
267,USDC,2025-01-12,7.410320519999999
268,USDC,2025-01-12,7.4141065919999996
269,USDC,2025-01-12,7.411004675999999
270,USDC,2025-01-12,7.419988932000001
271,USDC,2025-01-12,7.420331447999999
272,USDC,2025-01-12,7.415747339999999
273,USDC,2025-01-12,7.426360079999999
274,USDC,2025-01-12,7.427568084000001
275,USDC,2025-01-12,7.461728580000002
276,USDC,2025-01-12,7.429927152000001
277,USDC,2025-01-12,7.443499019999999
278,USDC,2025-01-12,7.402207008
279,USDC,2025-01-12,7.424854236
280,USDC,2025-01-11,7.426134071999998
281,USDC,2025-01-11,7.439101499999999
282,USDC,2025-01-11,7.441654164000002
283,USDC,2025-01-11,7.426237440000001
284,USDC,2025-01-11,7.409300855999999
285,USDC,2025-01-11,7.393269180000001
286,USDC,2025-01-11,7.414847688000001
287,USDC,2025-01-11,7.409949096
288,USDC,2025-01-11,7.425110904
289,USDC,2025-01-11,7.411920095999999
290,USDC,2025-01-11,7.40026842
291,USDC,2025-01-11,7.392131256000001
292,USDC,2025-01-11,7.3916442
293,USDC,2025-01-11,7.3994134439999995
294,USDC,2025-01-11,7.393383936
295,USDC,2025-01-11,7.400298204
296,USDC,2025-01-11,7.3811567280000006
297,USDC,2025-01-11,7.377092964
298,USDC,2025-01-11,7.378984247999999
299,USDC,2025-01-11,7.3824663479999995
300,USDC,2025-01-11,7.425064475999998
301,USDC,2025-01-11,7.418336795999999
302,USDC,2025-01-11,7.417429260000001
303,USDC,2025-01-11,7.4180958960000005
304,USDC,2025-01-10,7.386509088000001
305,USDC,2025-01-10,7.400165928000001
306,USDC,2025-01-10,7.338569988000001
307,USDC,2025-01-10,7.344342828
308,USDC,2025-01-10,7.316348496
309,USDC,2025-01-10,7.321767432
310,USDC,2025-01-10,7.318010268
311,USDC,2025-01-10,7.30914252
312,USDC,2025-01-10,7.374541176
313,USDC,2025-01-10,7.397566836000001
314,USDC,2025-01-10,7.4031381960000004
315,USDC,2025-01-10,7.401380063999999
316,USDC,2025-01-10,7.399472136
317,USDC,2025-01-10,7.402997160000001
318,USDC,2025-01-10,7.416976368
319,USDC,2025-01-10,7.380081
320,USDC,2025-01-10,7.358225675999999
321,USDC,2025-01-10,7.3516101240000005
322,USDC,2025-01-10,7.359830508
323,USDC,2025-01-10,7.316690135999999
324,USDC,2025-01-10,7.362419087999999
325,USDC,2025-01-10,7.356762755999998
326,USDC,2025-01-10,7.346941044000001
327,USDC,2025-01-10,7.361063915999999
328,USDC,2025-01-09,7.4261971440000005
329,USDC,2025-01-09,7.332331992
330,USDC,2025-01-09,7.351031088
331,USDC,2025-01-09,7.362470771999999
332,USDC,2025-01-09,7.377881363999999
333,USDC,2025-01-09,7.397865552000001
334,USDC,2025-01-09,7.353720407999999
335,USDC,2025-01-09,7.288694052
336,USDC,2025-01-09,7.321344323999999
337,USDC,2025-01-09,7.323493152
338,USDC,2025-01-09,7.304563668000001
339,USDC,2025-01-09,7.305796199999999
340,USDC,2025-01-09,7.3174689
341,USDC,2025-01-09,7.29019464
342,USDC,2025-01-09,7.250022155999999
343,USDC,2025-01-09,7.296126912
344,USDC,2025-01-09,7.281718464000001
345,USDC,2025-01-09,7.322505900000001
346,USDC,2025-01-09,7.26797052
347,USDC,2025-01-09,7.280099616
348,USDC,2025-01-09,7.270125480000001
349,USDC,2025-01-09,7.319194620000001
350,USDC,2025-01-09,7.321675451999998
351,USDC,2025-01-09,7.3147576800000005
352,USDC,2025-01-08,7.308347112000001
353,USDC,2025-01-08,7.337711508
354,USDC,2025-01-08,7.3377614399999995
355,USDC,2025-01-08,7.3607888520000015
356,USDC,2025-01-08,7.392633203999999
357,USDC,2025-01-08,7.373714231999999
358,USDC,2025-01-08,7.3126482720000014
359,USDC,2025-01-08,7.321265484
360,USDC,2025-01-08,7.339311959999999
361,USDC,2025-01-08,7.3224621
362,USDC,2025-01-08,7.400029272
363,USDC,2025-01-08,7.407290435999999
364,USDC,2025-01-08,7.412295024
365,USDC,2025-01-08,7.430277552000001
366,USDC,2025-01-08,7.450895964000001
367,USDC,2025-01-08,7.458048504000001
368,USDC,2025-01-08,7.488172392
369,USDC,2025-01-08,7.520489784
370,USDC,2025-01-08,7.550631192
371,USDC,2025-01-08,7.571187408
372,USDC,2025-01-08,7.535935416
373,USDC,2025-01-08,7.544839956000001
374,USDC,2025-01-08,7.569879539999999
375,USDC,2025-01-08,7.539259835999999
376,USDC,2025-01-07,7.410415128
377,USDC,2025-01-07,7.389315792
378,USDC,2025-01-07,7.381089276
379,USDC,2025-01-07,7.362800148
380,USDC,2025-01-07,7.339025508
381,USDC,2025-01-07,7.362374412
382,USDC,2025-01-07,7.378795908000001
383,USDC,2025-01-07,7.361082312000001
384,USDC,2025-01-07,7.352880323999999
385,USDC,2025-01-07,7.33236528
386,USDC,2025-01-07,7.297878035999999
387,USDC,2025-01-07,7.404425916
388,USDC,2025-01-07,7.322178276000001
389,USDC,2025-01-07,7.3303802639999995
390,USDC,2025-01-07,7.343580708
391,USDC,2025-01-07,7.427990315999999
392,USDC,2025-01-07,7.419070008
393,USDC,2025-01-07,7.4327049480000005
394,USDC,2025-01-07,7.475682384
395,USDC,2025-01-07,7.51086342
396,USDC,2025-01-07,7.494097656
397,USDC,2025-01-07,7.579107324000001
398,USDC,2025-01-07,7.5774280319999985
399,USDC,2025-01-07,7.5597669960000005
400,USDC,2025-01-06,7.598962739999999
401,USDC,2025-01-06,7.546091760000001
402,USDC,2025-01-06,7.529262047999999
403,USDC,2025-01-06,7.529983872
404,USDC,2025-01-06,7.501717980000001
405,USDC,2025-01-06,7.515486948000001
406,USDC,2025-01-06,7.518698364000001
407,USDC,2025-01-06,7.514772132
408,USDC,2025-01-06,7.514063448000001
409,USDC,2025-01-06,7.509419772
410,USDC,2025-01-06,7.489650204000001
411,USDC,2025-01-06,7.513709543999999
412,USDC,2025-01-06,7.473487128
413,USDC,2025-01-06,7.491428484
414,USDC,2025-01-06,7.538989151999999
415,USDC,2025-01-06,7.477302108
416,USDC,2025-01-06,7.483516452
417,USDC,2025-01-06,7.501960632
418,USDC,2025-01-06,7.5096501600000005
419,USDC,2025-01-06,7.510287888000001
420,USDC,2025-01-06,7.494289500000001
421,USDC,2025-01-06,7.503900971999999
422,USDC,2025-01-06,7.488123335999999
423,USDC,2025-01-06,7.495250472
424,USDC,2025-01-05,7.49321202
425,USDC,2025-01-05,7.521780132
426,USDC,2025-01-05,7.572334091999999
427,USDC,2025-01-05,7.564753187999999
428,USDC,2025-01-05,7.55739654
429,USDC,2025-01-05,7.537651500000001
430,USDC,2025-01-05,7.53976266
431,USDC,2025-01-05,7.52858928
432,USDC,2025-01-05,7.5150822360000005
433,USDC,2025-01-05,7.5096107399999985
434,USDC,2025-01-05,7.50737694
435,USDC,2025-01-05,7.490749583999999
436,USDC,2025-01-05,7.502919852000001
437,USDC,2025-01-05,7.489323455999999
438,USDC,2025-01-05,7.4995998120000005
439,USDC,2025-01-05,7.5035584559999995
440,USDC,2025-01-05,7.51633404
441,USDC,2025-01-05,7.495967916
442,USDC,2025-01-05,7.475704284
443,USDC,2025-01-05,7.476003
444,USDC,2025-01-05,7.4803926359999995
445,USDC,2025-01-05,7.487751912
446,USDC,2025-01-05,7.4856863040000015
447,USDC,2025-01-05,7.499337012000002
448,USDC,2025-01-04,7.480658064000001
449,USDC,2025-01-04,7.496101943999999
450,USDC,2025-01-04,7.483540104
451,USDC,2025-01-04,7.469791283999999
452,USDC,2025-01-04,7.470423756
453,USDC,2025-01-04,7.504480008000002
454,USDC,2025-01-04,7.521843203999999
455,USDC,2025-01-04,7.523059092
456,USDC,2025-01-04,7.503403404
457,USDC,2025-01-04,7.522642992000001
458,USDC,2025-01-04,7.535100588000001
459,USDC,2025-01-04,7.559553252
460,USDC,2025-01-04,7.549929516000001
461,USDC,2025-01-04,7.564072536000001
462,USDC,2025-01-04,7.569176988
463,USDC,2025-01-04,7.552347275999999
464,USDC,2025-01-04,7.553276712
465,USDC,2025-01-04,7.564217952000001
466,USDC,2025-01-04,7.678752324
467,USDC,2025-01-04,7.692961919999999
468,USDC,2025-01-04,7.705338048000001
469,USDC,2025-01-04,7.6849071
470,USDC,2025-01-04,7.6873467600000005
471,USDC,2025-01-04,7.649819796
472,USDC,2025-01-03,7.674190116
473,USDC,2025-01-03,7.646024088
474,USDC,2025-01-03,7.624945776
475,USDC,2025-01-03,7.621545144
476,USDC,2025-01-03,7.648244748
477,USDC,2025-01-03,7.641048408
478,USDC,2025-01-03,7.625011476
479,USDC,2025-01-03,7.634225244
480,USDC,2025-01-03,7.600164612
481,USDC,2025-01-03,7.615585715999999
482,USDC,2025-01-03,7.632855180000001
483,USDC,2025-01-03,7.611378287999999
484,USDC,2025-01-03,7.591645512
485,USDC,2025-01-03,7.6546088879999985
486,USDC,2025-01-03,7.651576176000001
487,USDC,2025-01-03,7.6533903720000005
488,USDC,2025-01-03,7.660192512
489,USDC,2025-01-03,7.681353168
490,USDC,2025-01-03,7.672238387999999
491,USDC,2025-01-03,7.704448032000001
492,USDC,2025-01-03,7.709846819999999
493,USDC,2025-01-03,7.710962843999999
494,USDC,2025-01-03,7.691982551999999
495,USDC,2025-01-03,7.716928403999999
496,USDC,2025-01-02,7.747966836000001
497,USDC,2025-01-02,9.092050428
498,USDC,2025-01-02,10.177688616000001
499,USDC,2025-01-02,7.763471160000002
500,USDC,2025-01-02,7.712280348
501,USDC,2025-01-02,7.709686512000001
502,USDC,2025-01-02,7.763711184
503,USDC,2025-01-02,7.763596428
504,USDC,2025-01-02,9.102942612
505,USDC,2025-01-02,8.099387376
506,USDC,2025-01-02,8.50778208
507,USDC,2025-01-02,7.724139636
508,USDC,2025-01-02,7.724622312000001
509,USDC,2025-01-02,7.72724418
510,USDC,2025-01-02,8.697166271999999
511,USDC,2025-01-02,8.810608272000001
512,USDC,2025-01-02,7.766501243999999
513,USDC,2025-01-02,7.764046692
514,USDC,2025-01-02,7.767117948
515,USDC,2025-01-02,9.579260604
516,USDC,2025-01-02,7.766428536
517,USDC,2025-01-02,9.6179763
518,USDC,2025-01-02,8.008391124000001
519,USDC,2025-01-02,7.751310528000001
520,USDC,2025-01-01,7.737312923999999
521,USDC,2025-01-01,7.717677384000001
522,USDC,2025-01-01,7.708214832
523,USDC,2025-01-01,7.713828240000001
524,USDC,2025-01-01,7.715127348
525,USDC,2025-01-01,7.766387364000001
526,USDC,2025-01-01,7.686370896
527,USDC,2025-01-01,7.694207591999999
528,USDC,2025-01-01,7.690197264
529,USDC,2025-01-01,7.6820127959999995
530,USDC,2025-01-01,7.672151664
531,USDC,2025-01-01,7.661927868
532,USDC,2025-01-01,7.66001994
533,USDC,2025-01-01,7.65961698
534,USDC,2025-01-01,7.654070148
535,USDC,2025-01-01,7.664489291999999
536,USDC,2025-01-01,7.655932523999999
537,USDC,2025-01-01,7.658361672
538,USDC,2025-01-01,7.65843876
539,USDC,2025-01-01,7.7171605439999995
540,USDC,2025-01-01,7.709020752
541,USDC,2025-01-01,7.729599744
542,USDC,2025-01-01,7.752348587999999
543,USDC,2025-01-01,7.703383692
544,USDC,2024-12-31,7.630847388
545,USDC,2024-12-31,7.6376591640000004
546,USDC,2024-12-31,7.6607496479999995
547,USDC,2024-12-31,7.667971391999999
548,USDC,2024-12-31,7.715287656
549,USDC,2024-12-31,7.732856712000001
550,USDC,2024-12-31,7.735646772
551,USDC,2024-12-31,7.733177328
552,USDC,2024-12-31,7.719979512000001
553,USDC,2024-12-31,7.716769848
554,USDC,2024-12-31,7.7449271159999995
555,USDC,2024-12-31,7.757096508
556,USDC,2024-12-31,7.760473488
557,USDC,2024-12-31,7.754847816000001
558,USDC,2024-12-31,7.757975136000001
559,USDC,2024-12-31,7.752072648000001
560,USDC,2024-12-31,7.738495523999998
561,USDC,2024-12-31,7.738043507999999
562,USDC,2024-12-31,7.7244926640000005
563,USDC,2024-12-31,7.726993644
564,USDC,2024-12-31,7.725632339999999
565,USDC,2024-12-31,7.748424983999999
566,USDC,2024-12-31,13.484395895999999
567,USDC,2024-12-31,16.106310324
568,USDC,2024-12-30,7.754303820000001
569,USDC,2024-12-30,7.7023578960000005
570,USDC,2024-12-30,7.622436035999999
571,USDC,2024-12-30,7.664498928
572,USDC,2024-12-30,7.683218171999999
573,USDC,2024-12-30,7.636784916
574,USDC,2024-12-30,7.623039599999999
575,USDC,2024-12-30,7.627392444
576,USDC,2024-12-30,7.6483787759999995
577,USDC,2024-12-30,7.648288548
578,USDC,2024-12-30,7.652163096000001
579,USDC,2024-12-30,7.6541192040000015
580,USDC,2024-12-30,7.655664468000001
581,USDC,2024-12-30,7.6582600560000005
582,USDC,2024-12-30,7.666075727999999
583,USDC,2024-12-30,7.606476192000001
584,USDC,2024-12-30,7.584985283999999
585,USDC,2024-12-30,7.593700608
586,USDC,2024-12-30,7.594284900000001
587,USDC,2024-12-30,7.631196912
588,USDC,2024-12-30,7.63221132
589,USDC,2024-12-30,7.592148336
590,USDC,2024-12-30,7.599582948
591,USDC,2024-12-30,7.646460336
592,USDC,2024-12-29,7.6433242560000005
593,USDC,2024-12-29,7.646426172
594,USDC,2024-12-29,7.6528323600000006
595,USDC,2024-12-29,7.567868244
596,USDC,2024-12-29,7.644371952000001
597,USDC,2024-12-29,7.602895104
598,USDC,2024-12-29,7.635456024000001
599,USDC,2024-12-29,7.57075992
600,USDC,2024-12-29,7.544856599999999
601,USDC,2024-12-29,7.546902060000001
602,USDC,2024-12-29,7.536637091999999
603,USDC,2024-12-29,7.541034612
604,USDC,2024-12-29,7.551737580000001
605,USDC,2024-12-29,7.551805031999999
606,USDC,2024-12-29,7.540727136
607,USDC,2024-12-29,7.559168688000001
608,USDC,2024-12-29,7.603812276000001
609,USDC,2024-12-29,7.624946651999999
610,USDC,2024-12-29,7.622536776
611,USDC,2024-12-29,7.646944764
612,USDC,2024-12-29,7.659512736
613,USDC,2024-12-29,7.6451515919999995
614,USDC,2024-12-29,7.659101892000001
615,USDC,2024-12-29,7.694680632000001
616,USDC,2024-12-28,7.705709472
617,USDC,2024-12-28,7.745073408
618,USDC,2024-12-28,7.730938272
619,USDC,2024-12-28,7.669404527999999
620,USDC,2024-12-28,7.744204415999999
621,USDC,2024-12-28,9.674866368
622,USDC,2024-12-28,7.750441536000001
623,USDC,2024-12-28,7.668225431999999
624,USDC,2024-12-28,7.6441152840000015
625,USDC,2024-12-28,7.638292512
626,USDC,2024-12-28,7.627084968
627,USDC,2024-12-28,7.6315184039999995
628,USDC,2024-12-28,7.638316164
629,USDC,2024-12-28,7.6507036799999995
630,USDC,2024-12-28,7.698483347999999
631,USDC,2024-12-28,7.7144265480000005
632,USDC,2024-12-28,7.711039056000001
633,USDC,2024-12-28,7.760779211999999
634,USDC,2024-12-28,8.991497015999999
635,USDC,2024-12-28,7.764836844
636,USDC,2024-12-28,8.968351344000002
637,USDC,2024-12-28,15.571931052000002
638,USDC,2024-12-28,7.620785652
639,USDC,2024-12-28,7.59065388
640,USDC,2024-12-27,7.524529019999999
641,USDC,2024-12-27,7.514677523999999
642,USDC,2024-12-27,7.415502936
643,USDC,2024-12-27,7.468154916
644,USDC,2024-12-27,7.451517048
645,USDC,2024-12-27,7.436768712
646,USDC,2024-12-27,7.4629672440000006
647,USDC,2024-12-27,7.460849076
648,USDC,2024-12-27,7.452483275999999
649,USDC,2024-12-27,7.455329399999999
650,USDC,2024-12-27,7.473834024
651,USDC,2024-12-27,7.4445090480000005
652,USDC,2024-12-27,7.473565091999999
653,USDC,2024-12-27,7.452926531999999
654,USDC,2024-12-27,7.454615459999999
655,USDC,2024-12-27,7.458243852
656,USDC,2024-12-27,7.445918531999999
657,USDC,2024-12-27,7.46412006
658,USDC,2024-12-27,7.434835379999999
659,USDC,2024-12-27,7.4162072399999985
660,USDC,2024-12-27,7.41926448
661,USDC,2024-12-27,7.415467896
662,USDC,2024-12-27,7.413738672
663,USDC,2024-12-27,7.432881024
664,USDC,2024-12-26,7.437240876
665,USDC,2024-12-26,7.432794300000001
666,USDC,2024-12-26,7.398821268
667,USDC,2024-12-26,7.312624619999999
668,USDC,2024-12-26,7.368077172
669,USDC,2024-12-26,7.3615606080000004
670,USDC,2024-12-26,7.327539396000001
671,USDC,2024-12-26,7.225127988000001
672,USDC,2024-12-26,7.325525472
673,USDC,2024-12-26,7.290116676000001
674,USDC,2024-12-26,7.268389248
675,USDC,2024-12-26,7.274707835999999
676,USDC,2024-12-26,7.272680772000001
677,USDC,2024-12-26,7.266462924
678,USDC,2024-12-26,7.279130759999999
679,USDC,2024-12-26,7.275584712
680,USDC,2024-12-26,7.287083963999999
681,USDC,2024-12-26,7.287997632
682,USDC,2024-12-26,7.298356332
683,USDC,2024-12-26,7.3174250999999995
684,USDC,2024-12-26,7.273268568000001
685,USDC,2024-12-26,7.286426964
686,USDC,2024-12-26,7.238232947999999
687,USDC,2024-12-26,7.219766868000001
688,USDC,2024-12-25,7.217271144000001
689,USDC,2024-12-25,7.150528704
690,USDC,2024-12-25,7.2290980199999995
691,USDC,2024-12-25,7.216071900000001
692,USDC,2024-12-25,7.250844720000001
693,USDC,2024-12-25,7.2682569720000005
694,USDC,2024-12-25,7.2997623119999995
695,USDC,2024-12-25,7.304774784000001
696,USDC,2024-12-25,7.300936152000001
697,USDC,2024-12-25,7.307373875999999
698,USDC,2024-12-25,7.2939299040000005
699,USDC,2024-12-25,7.311887904
700,USDC,2024-12-25,7.31573004
701,USDC,2024-12-25,7.281549396000001
702,USDC,2024-12-25,7.248858827999999
703,USDC,2024-12-25,7.373903448000001
704,USDC,2024-12-25,7.398366624000001
705,USDC,2024-12-25,7.3958192160000005
706,USDC,2024-12-25,7.382885952
707,USDC,2024-12-25,7.3758762
708,USDC,2024-12-25,7.354180308000001
709,USDC,2024-12-25,7.388996052
710,USDC,2024-12-25,7.471866528
711,USDC,2024-12-25,7.490074188000001
712,USDC,2024-12-24,7.500041316
713,USDC,2024-12-24,7.464332052
714,USDC,2024-12-24,7.558639584
715,USDC,2024-12-24,7.573667364
716,USDC,2024-12-24,7.5762454319999994
717,USDC,2024-12-24,7.5661477800000005
718,USDC,2024-12-24,7.511646564
719,USDC,2024-12-24,7.534403292000001
